{
  "project_info": {
    "project_number": "586371399779",
    "project_id": "imagesteganography-8a35b",
    "storage_bucket": "imagesteganography-8a35b.appspot.com"
  },
  "client": [
    {
      "client_info": {
        "mobilesdk_app_id": "1:586371399779:android:61fd5904b78a09025c7856",
        "android_client_info": {
          "package_name": "com.example.imagesteganography"
        }
      },
      "oauth_client": [
        {
          "client_id": "586371399779-f5plremti6nok22o1q2f8ch7dvrjjubm.apps.googleusercontent.com",
          "client_type": 3
        }
      ],
      "api_key": [
        {
          "current_key": "AIzaSyDY978kBqyvrKLj0VvTTkdghpaUGC8B0FM"
        }
      ],
      "services": {
        "appinvite_service": {
          "other_platform_oauth_client": [
            {
              "client_id": "586371399779-f5plremti6nok22o1q2f8ch7dvrjjubm.apps.googleusercontent.com",
              "client_type": 3
            }
          ]
        }
      }
    }
  ],
  "configuration_version": "1"
}