{
  "project_info": {
    "project_number": "586371399779",
    "firebase_url": "https://imagesteganography-8a35b-default-rtdb.asia-southeast1.firebasedatabase.app",
    "project_id": "imagesteganography-8a35b",
    "storage_bucket": "imagesteganography-8a35b.appspot.com"
  },
  "client": [
    {
      "client_info": {
        "mobilesdk_app_id": "1:586371399779:android:61fd5904b78a09025c7856",
        "android_client_info": {
          "package_name": "com.example.imagesteganography"
        }
      },
      "oauth_client": [
        {
          "client_id": "586371399779-p9887p66tc6r6tc8f0ljj367gedpoude.apps.googleusercontent.com",
          "client_type": 1,
          "android_info": {
            "package_name": "com.example.imagesteganography",
            "certificate_hash": "f47363b9791b4fe743da1615b905c1dd142954bd"
          }
        },
        {
          "client_id": "586371399779-q3cq25catblqpfq82h83d3aggii36iqg.apps.googleusercontent.com",
          "client_type": 1,
          "android_info": {
            "package_name": "com.example.imagesteganography",
            "certificate_hash": "25e715fd489286c9f5c963c29a1a45ce6ab5db26"
          }
        },
        {
          "client_id": "586371399779-f5plremti6nok22o1q2f8ch7dvrjjubm.apps.googleusercontent.com",
          "client_type": 3
        }
      ],
      "api_key": [
        {
          "current_key": "AIzaSyDY978kBqyvrKLj0VvTTkdghpaUGC8B0FM"
        }
      ],
      "services": {
        "appinvite_service": {
          "other_platform_oauth_client": [
            {
              "client_id": "586371399779-f5plremti6nok22o1q2f8ch7dvrjjubm.apps.googleusercontent.com",
              "client_type": 3
            }
          ]
        }
      }
    }
  ],
  "configuration_version": "1"
}